{"stats":{"minecraft:picked_up":{"minecraft:birch_log":26,"minecraft:crafting_table":1,"minecraft:stick":11,"minecraft:birch_sapling":7,"minecraft:cobblestone":32},"minecraft:crafted":{"minecraft:furnace":1,"minecraft:stone":3,"minecraft:birch_planks":104,"minecraft:crafting_table":1,"minecraft:stick":20,"minecraft:air":0,"minecraft:wooden_pickaxe":1,"minecraft:stone_pickaxe":1,"minecraft:wooden_axe":1},"minecraft:custom":{"minecraft:time_since_rest":10097,"minecraft:interact_with_furnace":1,"minecraft:crouch_one_cm":1229,"minecraft:play_time":10097,"minecraft:sprint_one_cm":17176,"minecraft:walk_one_cm":10073,"minecraft:sneak_time":319,"minecraft:jump":151,"minecraft:leave_game":1,"minecraft:time_since_death":10097,"minecraft:total_world_time":10097,"minecraft:interact_with_crafting_table":9,"minecraft:fall_one_cm":5064,"minecraft:fly_one_cm":38968},"minecraft:mined":{"minecraft:grass":1,"minecraft:birch_log":3,"minecraft:stone":32,"treechop:chopped_log":4,"minecraft:crafting_table":1},"minecraft:used":{"minecraft:wooden_axe":27,"minecraft:crafting_table":2,"minecraft:furnace":1,"minecraft:stone_pickaxe":29,"minecraft:wooden_pickaxe":3}},"DataVersion":3465}