{"stats":{"minecraft:picked_up":{"minecraft:raw_iron":2,"minecraft:birch_log":26,"minecraft:crafting_table":2,"minecraft:stick":11,"minecraft:birch_planks":2,"minecraft:furnace":1,"minecraft:dirt":6,"minecraft:birch_sapling":7,"minecraft:cobblestone":77},"minecraft:crafted":{"minecraft:furnace":1,"minecraft:stone":3,"minecraft:birch_planks":104,"justhammers:stone_hammer":1,"minecraft:crafting_table":1,"minecraft:stick":20,"minecraft:air":0,"minecraft:wooden_pickaxe":1,"minecraft:stone_pickaxe":1,"minecraft:wooden_axe":1},"minecraft:custom":{"minecraft:time_since_rest":22097,"minecraft:interact_with_furnace":2,"minecraft:crouch_one_cm":2468,"minecraft:play_time":22097,"minecraft:sprint_one_cm":24551,"minecraft:walk_one_cm":20773,"minecraft:sneak_time":722,"minecraft:jump":208,"minecraft:leave_game":1,"minecraft:time_since_death":22097,"minecraft:total_world_time":22097,"minecraft:interact_with_crafting_table":10,"minecraft:fall_one_cm":6229,"minecraft:fly_one_cm":42731},"minecraft:mined":{"minecraft:grass":1,"minecraft:furnace":1,"minecraft:dirt":3,"minecraft:birch_log":3,"minecraft:stone":34,"minecraft:grass_block":3,"treechop:chopped_log":4,"minecraft:crafting_table":2},"minecraft:used":{"minecraft:wooden_axe":31,"minecraft:dirt":3,"minecraft:crafting_table":2,"minecraft:furnace":1,"minecraft:stone_pickaxe":29,"minecraft:wooden_pickaxe":3,"justhammers:stone_hammer":9}},"DataVersion":3465}